{
    "$metadata": {
        "uris": {
            "jsonLdContext": "https://example.com/path/to/file/context.jsonld"
        },
        "type": "KYCIdentification",
        "version": "1.0.0"
    },
    "$schema": "https://json-schema.org/draft/2020-12/schema",
    "description": "KYC identification",
    "title": "KYC",
    "properties": {
        "credentialSubject": {
            "description": "Stores the data of the credential",
            "title": "Credential subject",
            "properties": {
                "passportID": {
                    "description": "Passport ID",
                    "title": "Passport ID",
                    "type": "string"
                },
                "country": {
                    "description": "Country",
                    "title": "Country",
                    "type": "string"
                },
                "birthday": {
                    "description": "Birthday",
                    "title": "Birthday",
                    "type": "integer"
                },
                "lastName": {
                    "description": "Last Name",
                    "title": "Last Name",
                    "type": "string"
                },
                "firstName": {
                    "description": "First name",
                    "title": "First Name",
                    "type": "string"
                },
                "id": {
                    "description": "Stores the DID of the subject that owns the credential",
                    "title": "Credential subject ID",
                    "format": "uri",
                    "type": "string"
                }
            },
            "required": [
                "passportID",
                "country",
                "birthday",
                "lastName",
                "firstName"
            ],
            "type": "object"
        },
        "@context": {
            "type": [
                "string",
                "array",
                "object"
            ]
        },
        "expirationDate": {
            "format": "date-time",
            "type": "string"
        },
        "id": {
            "type": "string"
        },
        "issuanceDate": {
            "format": "date-time",
            "type": "string"
        },
        "issuer": {
            "type": [
                "string",
                "object"
            ],
            "format": "uri",
            "properties": {
                "id": {
                    "format": "uri",
                    "type": "string"
                }
            },
            "required": [
                "id"
            ]
        },
        "type": {
            "type": [
                "string",
                "array"
            ],
            "items": {
                "type": "string"
            }
        },
        "credentialSchema": {
            "properties": {
                "id": {
                    "format": "uri",
                    "type": "string"
                },
                "type": {
                    "type": "string"
                }
            },
            "required": [
                "id",
                "type"
            ],
            "type": "object"
        }
    },
    "required": [
        "credentialSubject",
        "@context",
        "id",
        "issuanceDate",
        "issuer",
        "type",
        "credentialSchema"
    ],
    "type": "object"
}